<?xml version="1.0" encoding="UTF-8"?>
<mime-info xmlns="http://www.freedesktop.org/standards/shared-mime-info">

  <mime-type type="application/x-tice-rom">
    <comment>TI-84 Plus CE / TI-83 Premium CE ROM</comment>
    <glob pattern="*.rom" />
  </mime-type>
  <mime-type type="application/x-cemu-image">
    <comment>CEmu Image</comment>
    <glob pattern="*.ce" /><!-- TODO: any magic -->
  </mime-type>

  <mime-type type="application/x-tice-variables">
    <comment>TI-84 Plus CE / TI-83 Premium CE variable</comment>
    <glob pattern="*.8xg" />
    <glob pattern="*.8xn" />
    <glob pattern="*.8xl" />
    <glob pattern="*.8xm" />
    <glob pattern="*.8xy" />
    <glob pattern="*.8xe" />
    <glob pattern="*.8xs" />
    <glob pattern="*.8xi" />
    <glob pattern="*.8xd" />
    <glob pattern="*.8xc" />
    <glob pattern="*.8xw" />
    <glob pattern="*.8xz" />
    <glob pattern="*.8xt" />
    <glob pattern="*.8xv" />
    <glob pattern="*.8xo" /><!-- not part of CEmu wildcard -->
    <glob pattern="*.8xgrp" /><!-- not part of CEmu wildcard -->
    <!-- NEW types start here -->
    <glob pattern="*.8ca" /><!-- TI-84 Plus CE Image Var -->
    <glob pattern="*.8ci" /><!-- TI-84 Plus CE Pic Var -->
    <!-- TI-84 Plus CE App (8ek) located below -->
    <magic>
      <match type="string" offset="0" value="**TI83F*\x1a\x0a\x00">
        <match type="little16" offset="55" value="0x000d" />
      </match>
    </magic>
  </mime-type>
  <mime-type type="application/x-tice-group">
    <sub-class-of type="application/x-tice-variables" />
    <comment>TI-84 Plus CE / TI-83 Premium CE / TI-84 Plus C family group file</comment>
    <glob pattern="*.8cg" />
  </mime-type>
  <mime-type type="application/x-tice-program">
    <sub-class-of type="application/x-tice-variables" />
    <comment>TI-84 Plus CE / TI-83 Premium CE program</comment>
    <glob pattern="*.8xp" />
    <magic>
      <match type="string" offset="0" value="**TI83F*\x1a\x0a\x00">
        <match type="little16" offset="55" value="0x000d">
          <match type="byte" offset="59" value="0x05" />
          <match type="byte" offset="59" value="0x06" />
        </match>
      </match>
    </magic>
  </mime-type>
  <mime-type type="application/x-tice-app">
    <comment>TI-84 Plus CE / TI-83 Premium CE Flash application</comment>
    <glob pattern="*.8ek" />
    <magic>
      <match type="string" offset="0" value="**TIFL**">
        <match type="big16" offset="48" value="0x7324" />
      </match>
    </magic>
  </mime-type>
  <mime-type type="application/x-tice-os">
    <comment>TI-84 Plus CE / TI-83 Premium CE operating system</comment>
    <glob pattern="*.8eu" />
    <magic>
      <match type="string" offset="0" value="**TIFL**">
        <match type="big16" offset="48" value="0x7323" />
      </match>
    </magic>
  </mime-type>

</mime-info>
